{"step":74,"_wandb":{"runtime":3},"_timestamp":1.728319987344426e+09,"_runtime":2.96153582,"_step":9,"loss":0.25734227895736694}